{
    "users": [
        {
            "id": "1",
            "name": "Abdoulaye Diallo",
            "email": "diallo@gmail.com",
            "password": "123456",
            "profile": "Admin",
            "image": "assets\/images\/tof2.png",
            "reset_token": "edc990106cac2da0ed7c7940008d634a",
            "reset_expire": 1746106635
        }
    ],
    "promotions": [
        {
            "name": "promo 7",
            "date_debut": "2025-04-23",
            "date_fin": "2025-04-24",
            "image": "\/assets\/images\/uploads\/promotions\/promo7.jpg",
            "status": "active",
            "etat": "en_cours",
            "apprenants": [
                {
                    "id": "680f703cbb883",
                    "name": "Sarada Uchiwa"
                }
            ],
            "id": 19,
            "referentiels": [
                "",
                "680ff96d4731d",
                "680ff1b19aaec",
                "680ff1f50ecfc"
            ]
        },
        {
            "name": "promotion 10",
            "date_debut": "1970-01-01",
            "date_fin": "2023-12-02",
            "image": "\/assets\/images\/uploads\/promotions\/promotion_68155864e88d9.jpeg",
            "referentiels": [
                "680ff1b19aaec"
            ],
            "status": "inactive",
            "apprenants": [],
            "id": 40
        },
        {
            "name": "promo 5",
            "date_debut": "1970-01-01",
            "date_fin": "2025-05-05",
            "image": "\/assets\/images\/uploads\/promotions\/promotion_6818b0fd72ccd.jpg",
            "referentiels": [
                "680ff1b19aaec"
            ],
            "status": "inactive",
            "apprenants": [],
            "id": 41
        }
    ],
    "referentiels": [
        {
            "id": "680ff1b19aaec",
            "name": "Dev WEB\/mobile",
            "description": "developpement application....",
            "capacite": 50,
            "sessions": 1,
            "image": "assets\/images\/referentiels\/680ff1b19a67c.jpg",
            "modules": []
        },
        {
            "id": "680ff1f50ecfc",
            "name": "R\u00e9f\u00e9rent DIGITAL",
            "description": "Design UIUX, web design graphique design...",
            "capacite": 50,
            "sessions": 1,
            "image": "assets\/images\/referentiels\/680ff1f50eb92.jpg",
            "modules": []
        },
        {
            "id": "680ff2176d805",
            "name": "AWS",
            "description": "Cloud ...",
            "capacite": 25,
            "sessions": 2,
            "image": "assets\/images\/referentiels\/680ff2176d600.jpg",
            "modules": []
        },
        {
            "id": "680ff96d4731d",
            "name": "Dev Data",
            "description": "Base de donne",
            "capacite": 25,
            "sessions": 1,
            "image": "assets\/images\/referentiels\/680ff96d4710a.jpg",
            "modules": []
        },
        {
            "id": "680ff9ee7eada",
            "name": "Hackeuse",
            "description": "Design graphique assistanat...",
            "capacite": 25,
            "sessions": 2,
            "image": "assets\/images\/referentiels\/680ff9ee7e7c1.jpg",
            "modules": []
        }
    ],
    "apprenants": [
        {
            "id": "1",
            "matricule": "ODC-2025-0001",
            "prenom": "Boruto",
            "nom": "Uzumaki",
            "email": "boruto@example.com",
            "password": "password123",
            "telephone": "785993546",
            "adresse": "Konoha",
            "date_naissance": "2000-01-01",
            "lieu_naissance": "Konoha",
            "photo": "apprenants\/680fed1bcbf10.jpg",
            "status": "actif",
            "referentiel": "Dev WEB\/mobile",
            "promotion_id": "1",
            "created_at": "2024-01-01",
            "referentiel_id": "680ff1b19aaec"
        },
        {
            "prenom": "Jin",
            "nom": "Uzumaki",
            "email": "layesdlc@gmail.com",
            "telephone": "760000000",
            "adresse": "gryoff",
            "date_naissance": "14\/01\/2002",
            "lieu_naissance": "Dakar",
            "referentiel_id": "680ff1b19aaec",
            "photo": "apprenants\/68155f9dbd2fc.jpeg",
            "id": "68155f9dbd8ab",
            "matricule": "ODC-2025-0002",
            "password": "$2y$10$m37ZnF2ldrUktxrJPYj2UOZ1mxaJrZ1bw1A6nQAO3Fr.hvfJkOqDy",
            "created_at": "2025-05-03 00:13:17",
            "status": "actif"
        },
        {
            "prenom": "ODC-2025-0006",
            "nom": "Ba",
            "email": "Pape",
            "telephone": "pape.ba@gmail.com",
            "adresse": "776649983",
            "date_naissance": "Marketing Digital",
            "lieu_naissance": "Abandonn\u00e9",
            "referentiel_id": "",
            "status": "actif",
            "imported_data": [
                "ODC-2025-0006",
                "Ba",
                "Pape",
                "pape.ba@gmail.com",
                "776649983",
                "Marketing Digital",
                "Abandonn\u00e9"
            ],
            "missing_fields": [
                "lieu_naissance"
            ],
            "id": "6817f7c0bbca0",
            "matricule": "ODC-2025-0005",
            "password": "$2y$10$ZrP3KwH\/pwjYvkxYsGhrX.dHmHW750tIdv2T\/4QtkSXOm6s\/haEBK",
            "created_at": "2025-05-04 23:26:56"
        },
        {
            "prenom": "ODC-2025-0007",
            "nom": "Gueye",
            "email": "Fatou",
            "telephone": "fatou.gueye@gmail.com",
            "adresse": "775493475",
            "date_naissance": "Data Science",
            "lieu_naissance": "En formation",
            "referentiel_id": "",
            "status": "actif",
            "imported_data": [
                "ODC-2025-0007",
                "Gueye",
                "Fatou",
                "fatou.gueye@gmail.com",
                "775493475",
                "Data Science",
                "En formation"
            ],
            "missing_fields": [
                "lieu_naissance"
            ],
            "id": "6817f7c26b8a4",
            "matricule": "ODC-2025-0006",
            "password": "$2y$10$HV8pgudxx2bYXcDaBq250u4UWnnyTeQIgQrawDft34crmKRwCU1IO",
            "created_at": "2025-05-04 23:26:58"
        },
        {
            "prenom": "ODC-2025-0009",
            "nom": "Fall",
            "email": "Cheikh",
            "telephone": "cheikh.fall@gmail.com",
            "adresse": "772402503",
            "date_naissance": "UI\/UX Design",
            "lieu_naissance": "Abandonn\u00e9",
            "referentiel_id": "",
            "status": "actif",
            "imported_data": [
                "ODC-2025-0009",
                "Fall",
                "Cheikh",
                "cheikh.fall@gmail.com",
                "772402503",
                "UI\/UX Design",
                "Abandonn\u00e9"
            ],
            "missing_fields": [
                "lieu_naissance"
            ],
            "id": "6817f7c54ff25",
            "matricule": "ODC-2025-0007",
            "password": "$2y$10$w9qxw2r8vzuqbgf\/hMuYKObHNe5kk3LSDSgpO5gOps4F\/SaZrFlpG",
            "created_at": "2025-05-04 23:27:01"
        },
        {
            "prenom": "ODC-2025-0011",
            "nom": "Ndiaye",
            "email": "Astou",
            "telephone": "astou.ndiaye@gmail.com",
            "adresse": "773755860",
            "date_naissance": "D\u00e9veloppement Web",
            "lieu_naissance": "Abandonn\u00e9",
            "referentiel_id": "",
            "status": "actif",
            "imported_data": [
                "ODC-2025-0011",
                "Ndiaye",
                "Astou",
                "astou.ndiaye@gmail.com",
                "773755860",
                "D\u00e9veloppement Web",
                "Abandonn\u00e9"
            ],
            "missing_fields": [
                "lieu_naissance"
            ],
            "id": "6817f7c83a912",
            "matricule": "ODC-2025-0008",
            "password": "$2y$10$PwlpcaSz2OoX17J2OV55FuB3XsnbtNWHH7sVv3JI2eeD83Gj7mz6.",
            "created_at": "2025-05-04 23:27:04"
        },
        {
            "prenom": "ODC-2025-0012",
            "nom": "Diop",
            "email": "Ousmane",
            "telephone": "ousmane.diop@gmail.com",
            "adresse": "774100485",
            "date_naissance": "D\u00e9veloppement Web",
            "lieu_naissance": "En formation",
            "referentiel_id": "",
            "status": "actif",
            "imported_data": [
                "ODC-2025-0012",
                "Diop",
                "Ousmane",
                "ousmane.diop@gmail.com",
                "774100485",
                "D\u00e9veloppement Web",
                "En formation"
            ],
            "missing_fields": [
                "lieu_naissance"
            ],
            "id": "6817f7cb1953c",
            "matricule": "ODC-2025-0009",
            "password": "$2y$10$UUixdvjicAHCipVitXBq7OCrGB5XdbACPuPuKJwaI9CAj140Fkdyu",
            "created_at": "2025-05-04 23:27:07"
        },
        {
            "prenom": "ODC-2025-0015",
            "nom": "Ndoye",
            "email": "Ibrahima",
            "telephone": "ibrahima.ndoye@gmail.com",
            "adresse": "778683929",
            "date_naissance": "R\u00e9seau Informatique",
            "lieu_naissance": "Abandonn\u00e9",
            "referentiel_id": "",
            "status": "actif",
            "imported_data": [
                "ODC-2025-0015",
                "Ndoye",
                "Ibrahima",
                "ibrahima.ndoye@gmail.com",
                "778683929",
                "R\u00e9seau Informatique",
                "Abandonn\u00e9"
            ],
            "missing_fields": [
                "lieu_naissance"
            ],
            "id": "6817f7cdf413b",
            "matricule": "ODC-2025-0010",
            "password": "$2y$10$vlrxf\/XmIm8yl6OTshZ9tu1sWClzZ3qNiloPZI2otB9b6is\/T3xwS",
            "created_at": "2025-05-04 23:27:10"
        },
        {
            "prenom": "Bouba",
            "nom": "BA",
            "email": "layesdlc@gmail.com",
            "telephone": "782929999",
            "adresse": "GR",
            "date_naissance": "13\/10\/2000",
            "lieu_naissance": "Dk",
            "referentiel_id": "680ff1b19aaec",
            "photo": "apprenants\/6818b183f3698.jpeg",
            "id": "6818b183f3c8e",
            "matricule": "ODC-2025-0009",
            "password": "$2y$10$eHxlqPs9avbMV3hVlgjYT.SXdZDp3D2OiCKsCc83vwTRAGWRGdL1S",
            "created_at": "2025-05-05 12:39:32",
            "status": "actif"
        }
    ]
}